dataset,median_tf_score,median_ptf_score,ptf_gt_half,n_genes
pancreas,0.01674097776412964,0.9832590222358704,9033,11906
dentate_gyrus,0.008980647660791874,0.9910193085670471,4682,5325
